Name,Ticker,Isin,Industry,Market,,,
11BIT,11B.WA,PL11BTS00015,Gry video,MAIN,,,
3RGAMES,3RG.WA,PLGRNKT00019,Gry video,MAIN,,,
ABPL,ABE.WA,PLAB00000019,Handel hurtowy,MAIN,,,
ACAUTOGAZ,ACG.WA,PLACSA000014,Motoryzacja,MAIN,,,#VALUE!
ACTION,ACT.WA,PLACTIN00018,Handel hurtowy,MAIN,,,
ADIUVO,ADV.WA,PLADVIV00015,Ochrona zdrowia,MAIN,,,
AGORA,AGO.WA,PLAGORA00067,Media,MAIN,,,
AGROTON,AGT.WA,CY0101062111,Produkcja ?ywno?ci,MAIN,,,
AILLERON,ALL.WA,PLWNDMB00010,Informatyka,MAIN,,,
AIRWAY,AWM.WA,PLAIRWY00017,Ochrona zdrowia,MAIN,,,
ALIOR,ALR.WA,PLALIOR00045,Banki,MAIN,,,
AIGAMES,ALG.WA,PLSNTFG00017,Gry video,MAIN,,,
ALLEGRO,ALE.WA,LU2237380790,Handel internetowy,MAIN,,,
ALTA,AAT.WA,PLTRNSU00013,Nieruchomo?ci,MAIN,,,
ALTUS,ALI.WA,PLATTFI00018,Rynek kapita?owy,MAIN,,,
AMBRA,AMB.WA,PLAMBRA00013,Produkcja ?ywno?ci,MAIN,,,
AMICA,AMC.WA,PLAMICA00010,Wyposa?enie domu,MAIN,,,
AMREST,EAT.WA,ES0105375002,Rekreacja i wypoczynek,MAIN,,,
ANSWEAR,ANR.WA,PLANSWR00019,Handel internetowy,MAIN,,,
APATOR,APT.WA,PLAPATR00018,Elektromaszynowy,MAIN,,,
APLISENS,APN.WA,PLAPLS000016,Elektromaszynowy,MAIN,,,
APSENERGY,APE.WA,PLAPSEN00011,Elektromaszynowy,MAIN,,,
ARCHICOM,ARH.WA,PLARHCM00016,Nieruchomo?ci,MAIN,,,
ARCTIC,ATC.WA,PLARTPR00012,Drewno i papier,MAIN,,,
ARTIFEX,ART.WA,PLARTFX00011,Gry video,MAIN,,,
ASBIS,ASB.WA,CY1000031710,Handel hurtowy,MAIN,,,
ASMGROUP,ASM.WA,PLASMGR00014,Media,MAIN,,,
ASSECOBS,ABS.WA,PLABS0000018,Informatyka,MAIN,,,
ASSECOPOL,ACP.WA,PLSOFTB00016,Informatyka,MAIN,,,
ASSECOSEE,ASE.WA,PLASSEE00014,Informatyka,MAIN,,,
ASTARTA,AST.WA,NL0000686509,Produkcja ?ywno?ci,MAIN,,,
ATAL,1AT.WA,PLATAL000046,Nieruchomo?ci,MAIN,,,
ATENDE,ATD.WA,PLATMSI00016,Informatyka,MAIN,,,
ATLANTAPL,ATP.WA,PLATLPL00018,Produkcja ?ywno?ci,MAIN,,,
ATLANTIS,ATS.WA,EE3100063686,Finanse pozosta?e,MAIN,,,
ATMGRUPA,ATG.WA,PLATM0000021,Media,MAIN,,,
ATREM,ATR.WA,PLATREM00017,Budownictwo,MAIN,,,
AUTOPARTN,APR.WA,PLATPRT00018,Motoryzacja,MAIN,,,
WINVEST,WIS.WA,PLARIEL00046,Finanse pozosta?e,MAIN,,,
SANTANDER,SAN.WA,ES0113900J37,Banki,MAIN,,,
HANDLOWY,BHW.WA,PLBH00000012,Banki,MAIN,,,
MILLENNIUM,MIL.WA,PLBIG0000016,Banki,MAIN,,,
PEKAO,PEO.WA,PLPEKAO00016,Banki,MAIN,,,
BBIDEV,BBD.WA,PLNFI1200018,Nieruchomo?ci,MAIN,,,
BENEFIT,BFT.WA,PLBNFTS00018,Rekreacja i wypoczynek,MAIN,,,
BEST,BST.WA,PLBEST000010,Finanse pozosta?e,MAIN,,,
BETACOM,BCM.WA,PLBTCOM00016,Informatyka,MAIN,,,
BIGCHEESE,BCS.WA,PLA340200015,Gry video,MAIN,,,
BIOPLANET,BIP.WA,PLBIOPL00013,Sieci handlowe,MAIN,,,
BIOCELTIX,BCX.WA,PLBCLTX00019,Biotechnologia,MAIN,,,
BIOMAXIMA,BMX.WA,PLBIOMX00015,Biotechnologia,MAIN,,,
BIOTON,BIO.WA,PLBIOTN00029,Ochrona zdrowia,MAIN,,,
BLOOBER,BLO.WA,PLBLOBR00014,Gry video,MAIN,,,
YOLO,YOL.WA,PLPRESC00018,Finanse pozosta?e,MAIN,,,
BNPPPL,BNP.WA,PLBGZ0000010,Banki,MAIN,,,
BOOMBIT,BBT.WA,PLBMBIT00010,Gry video,MAIN,,,
BORYSZEW,BRS.WA,PLBRSZW00011,Hutnictwo,MAIN,,,
BOS,BOS.WA,PLBOS0000019,Banki,MAIN,,,
BOWIM,BOW.WA,PLBOWM000019,Zaopatrzenie przedsi?biorstw,MAIN,,,
BRAND24,B24.WA,PLBRN2400013,Informatyka,MAIN,,,
BRASTER,BRA.WA,PLBRSTR00014,Ochrona zdrowia,MAIN,,,
BAHOLDING,BAH.WA,PLMRVPL00016,Motoryzacja,MAIN,,,
BUDIMEX,BDX.WA,PLBUDMX00013,Budownictwo,MAIN,,,
BUMECH,BMC.WA,PLBMECH00012,Elektromaszynowy,MAIN,,,
CAPITAL,CPA.WA,PLCPTLP00015,Finanse pozosta?e,MAIN,,,
CAPITEA,CAP.WA,PLGTBCK00297,Finanse pozosta?e,MAIN,,,
CAPTORTX,CTX.WA,PLCPTRT00014,Biotechnologia,MAIN,,,
CASPAR,CSR.WA,PLCSPAM00017,Rynek kapita?owy,MAIN,,,
CAVATINA,CAV.WA,PLCVTNH00040,Nieruchomo?ci,MAIN,,,
CCC,CCC.WA,PLCCC0000016,Odzie? i kosmetyki,MAIN,,,
CDPROJEKT,CDR.WA,PLOPTTC00011,Gry video,MAIN,,,
CDRL,CDL.WA,PLCDRL000043,Odzie? i kosmetyki,MAIN,,,
CLNPHARMA,CLN.WA,PLCLNPH00015,Ochrona zdrowia,MAIN,,,
ENELMED,ENE.WA,PLENLMD00017,Ochrona zdrowia,MAIN,,,
CEZ,CEZ.WA,CZ0005112300,Energia,MAIN,,,
CFI,CFI.WA,PLINTKS00013,Rekreacja i wypoczynek,MAIN,,,
CIGAMES,CIG.WA,PLCTINT00018,Gry video,MAIN,,,
CIECH,CIE.WA,PLCIECH00018,Chemia,MAIN,,,
CITYSERV,CTS.WA,EE3100126368,Us?ugi dla przedsi?biorstw,MAIN,,,
CCENERGY,CCE.WA,PLKAREN00014,Nieruchomo?ci,MAIN,,,
CLOUD,CLD.WA,PLCLDTC00019,Nowe technologie,MAIN,,,
COALENERG,CLE.WA,LU0646112838,Górnictwo,MAIN,,,
COGNOR,COG.WA,PLCNTSL00014,Hutnictwo,MAIN,,,
COLUMBUS,CLC.WA,PLSTIGR00012,Energia,MAIN,,,
COMARCH,CMR.WA,PLCOMAR00012,Informatyka,MAIN,,,
COMP,CMP.WA,PLCMP0000017,Informatyka,MAIN,,,
COMPERIA,CPL.WA,PLCOMPR00010,Media,MAIN,,,
COMPREMUM,CPR.WA,PLPZBDT00013,Budownictwo,MAIN,,,
CELTIC,CPD.WA,PLCELPD00013,Nieruchomo?ci,MAIN,,,
ORCOGROUP,OPG.WA,LU0122624777,Nieruchomo?ci,MAIN,,,
CREEPYJAR,CRJ.WA,PLCRPJR00019,Gry video,MAIN,,,
CREOTECH,CRI.WA,PLCRTCH00017,Nowe technologie,MAIN,,,
CYBERFLKS,CBF.WA,PLR220000018,Nowe technologie,MAIN,,,
CYFRPLSAT,CPS.WA,PLCFRPT00013,Telekomunikacja,MAIN,,,
CZTOREBKA,CZT.WA,PLCRWTR00022,Nieruchomo?ci,MAIN,,,
DADELO,DAD.WA,PLDADEL00013,Handel internetowy,MAIN,,,
DATAWALK,DAT.WA,PLPILAB00012,Informatyka,MAIN,,,
DBENERGY,DBE.WA,PLDBENR00017,Budownictwo,MAIN,,,
DECORA,DCR.WA,PLDECOR00013,Budownictwo,MAIN,,,
DEKPOL,DEK.WA,PLDEKPL00032,Budownictwo,MAIN,,,
DELKO,DEL.WA,PLDELKO00019,Handel hurtowy,MAIN,,,
DEVELIA,DVL.WA,PLLCCRP00017,Nieruchomo?ci,MAIN,,,
DEBICA,DBC.WA,PLDEBCA00016,Motoryzacja,MAIN,,,
DGA,DGA.WA,PLDGA0000019,Us?ugi dla przedsi?biorstw,MAIN,,,
DIGITANET,DIG.WA,PL4FNMD00013,Media,MAIN,,,
DIGITREE,DTR.WA,PLSARE000013,Informatyka,MAIN,,,
DINOPL,DNP.WA,PLDINPL00011,Sieci handlowe,MAIN,,,
DOMDEV,DOM.WA,PLDMDVL00012,Nieruchomo?ci,MAIN,,,
DRAGOENT,DGE.WA,PLDRG0000013,Gry video,MAIN,,,
DROZAPOL,DPL.WA,PLDRZPL00032,Zaopatrzenie przedsi?biorstw,MAIN,,,
BEDZIN,BDZ.WA,PLECBDZ00013,Energia,MAIN,,,
ECHO,ECH.WA,PLECHPS00019,Nieruchomo?ci,MAIN,,,
EDINVEST,EDI.WA,PLEDINV00014,Nieruchomo?ci,MAIN,,,
EKOEXPORT,EEX.WA,PLEKEP000019,Recykling,MAIN,,,
ELEKTROTI,ELT.WA,PLELEKT00016,Budownictwo,MAIN,,,
ELKOP,EKP.WA,PLELKOP00013,Nieruchomo?ci,MAIN,,,
EMCINSMED,EMC.WA,PLEMCIM00017,Ochrona zdrowia,MAIN,,,
ENEA,ENA.WA,PLENEA000013,Energia,MAIN,,,
ESTAR,EST.WA,HU0000089198,Energia,MAIN,,,
ENERGA,ENG.WA,PLENERG00022,Energia,MAIN,,,
ENAP,ENP.WA,PLENAP000010,Budownictwo,MAIN,,,
ENERGOINS,ENI.WA,PLERGIN00015,Budownictwo,MAIN,,,
ENTER,ENT.WA,PLENTER00017,Transport,MAIN,,,
ERBUD,ERB.WA,PLERBUD00012,Budownictwo,MAIN,,,
ERG,ERG.WA,PLERGZB00014,Tworzywa i guma,MAIN,,,
ESOTIQ,EAH.WA,PLESTHN00018,Odzie? i kosmetyki,MAIN,,,
EUCO,EUC.WA,PLERPCO00017,Ubezpieczenia,MAIN,,,
EUROCASH,EUR.WA,PLEURCH00011,Sieci handlowe,MAIN,,,
EUROHOLD,EHG.WA,BG1100114062,Ubezpieczenia,MAIN,,,
EUROTEL,ETL.WA,PLERTEL00011,Sieci handlowe,MAIN,,,
FABRITY,FAB.WA,PLK2ITR00010,Informatyka,MAIN,,,
FASING,FSG.WA,PLFSING00010,Elektromaszynowy,MAIN,,,
FASTFIN,FFI.WA,PLFSTFC00012,Finanse pozosta?e,MAIN,,,
FEERUM,FEE.WA,PLFEERM00018,Elektromaszynowy,MAIN,,,
FERRO,FRO.WA,PLFERRO00016,Budownictwo,MAIN,,,
FERRUM,FER.WA,PLFERUM00014,Hutnictwo,MAIN,,,
FON,FON.WA,EE3100100835,Finanse pozosta?e,MAIN,,,
FORTE,FTE.WA,PLFORTE00012,Wyposa?enie domu,MAIN,,,
GAMEOPS,GOP.WA,PLGMSOP00019,Gry video,MAIN,,,
GAMFACTOR,GIF.WA,PLGMNGF00017,Gry video,MAIN,,,
GENOMTEC,GMT.WA,PLGNMTC00017,Biotechnologia,MAIN,,,
GETIN,GTN.WA,PLGSPR000014,Banki,MAIN,,,
GIGROUP,GIG.WA,PLWRKSR00019,Us?ugi dla przedsi?biorstw,MAIN,,,
IMMOBILE,GKI.WA,PLMAKRM00019,Finanse pozosta?e,MAIN,,,
GLCOSMED,GLC.WA,PLGLBLC00011,Odzie? i kosmetyki,MAIN,,,
GOBARTO,GOB.WA,PLDUDA000016,Produkcja ?ywno?ci,MAIN,,,
GOVENA,GOV.WA,PLGVNLT00019,Elektromaszynowy,MAIN,,,
VINDEXUS,VIN.WA,PLVNDEX00013,Finanse pozosta?e,MAIN,,,
GPW,GPW.WA,PLGPW0000017,Rynek kapita?owy,MAIN,,,
GREENX,GRX.WA,AU0000198939,Górnictwo,MAIN,,,
GRENEVIA,GEA.WA,PLFAMUR00012,Elektromaszynowy,MAIN,,,
GRODNO,GRN.WA,PLGRODN00015,Zaopatrzenie przedsi?biorstw,MAIN,,,
GRUPAAZOTY,ATT.WA,PLZATRM00012,Chemia,MAIN,,,
KETY,KTY.WA,PLKETY000011,Hutnictwo,MAIN,,,
GRUPRACUJ,GPP.WA,PLGRPRC00015,Media,MAIN,,,
GTC,GTC.WA,PLGTC0000037,Nieruchomo?ci,MAIN,,,
HARPER,HRP.WA,PLHRPHG00023,Odzie? i kosmetyki,MAIN,,,
HELIO,HEL.WA,PLHELIO00014,Produkcja ?ywno?ci,MAIN,,,
HERKULES,HRS.WA,PLZRWZW00012,Budownictwo,MAIN,,,
HMINWEST,HMI.WA,PLHMINW00016,Nieruchomo?ci,MAIN,,,
HOLLYWOOD,HLD.WA,PLHOLWD00017,Pozosta?y handel i us?ugi,MAIN,,,
HUUUGE,HUG.WA,US44853H1086,Gry video,MAIN,,,
IDMSA,IDM.WA,PLIDMSA00044,Rynek kapita?owy,MAIN,,,
IFIRMA,IFI.WA,PLPWRMD00011,Informatyka,MAIN,,,
IMCOMPANY,IMC.WA,LU0607203980,Produkcja ?ywno?ci,MAIN,,,
IIAAV,IIA.WA,AT0000A21KS2,Nieruchomo?ci,MAIN,,,
IMPERIO,IMP.WA,PLNFI0700018,Finanse pozosta?e,MAIN,,,
IMS,IMS.WA,PLINTMS00019,Media,MAIN,,,
INC,INC.WA,PLINCLT00015,Finanse pozosta?e,MAIN,,,
INDYGO,IDG.WA,PLLSTIA00018,Finanse pozosta?e,MAIN,,,
INGBSK,ING.WA,PLBSK0000017,Banki,MAIN,,,
INPRO,INP.WA,PLINPRO00015,Nieruchomo?ci,MAIN,,,
INSTALKRK,INK.WA,PLINSTK00013,Budownictwo,MAIN,,,
INTERCARS,CAR.WA,PLINTCS00010,Motoryzacja,MAIN,,,
INTERAOLT,IRL.WA,LT0000128621,Energia,MAIN,,,
INTERBUD,ITB.WA,PLINTBD00014,Nieruchomo?ci,MAIN,,,
INTERSPPL,IPO.WA,PLINTSP00038,Odzie? i kosmetyki,MAIN,,,
INTROL,INL.WA,PLINTRL00013,Elektromaszynowy,MAIN,,,
IFCAPITAL,IFC.WA,EE3100065392,Finanse pozosta?e,MAIN,,,
IFSA,IFR.WA,EE3100099391,Finanse pozosta?e,MAIN,,,
IPOPEMA,IPE.WA,PLIPOPM00011,Rynek kapita?owy,MAIN,,,
IZOBLOK,IZB.WA,PLIZBLK00010,Tworzywa i guma,MAIN,,,
IZOLACJA,IZO.WA,PLIZCJR00017,Budownictwo,MAIN,,,
IZOSTAL,IZS.WA,PLIZSTL00015,Elektromaszynowy,MAIN,,,
JSW,JSW.WA,PLJSW0000015,Górnictwo,MAIN,,,
JWWINVEST,JWW.WA,PLJWWNT00018,Elektromaszynowy,MAIN,,,
KCI,KCI.WA,PLPONAR00012,Media,MAIN,,,
KDMSHIPNG,KDM.WA,CY0102492119,Transport,MAIN,,,
KERNEL,KER.WA,LU0327357389,Produkcja ?ywno?ci,MAIN,,,
KGHM,KGH.WA,PLKGHM000017,Górnictwo,MAIN,,,
KGL,KGL.WA,PLKRKGL00012,Zaopatrzenie przedsi?biorstw,MAIN,,,
KINOPOL,KPL.WA,PLKNOPL00014,Media,MAIN,,,
KOGENERA,KGN.WA,PLKGNRC00015,Energia,MAIN,,,
KOMPAP,KMP.WA,PLKOMPP00017,Drewno i papier,MAIN,,,
KOMPUTRON,KOM.WA,PLKMPTR00012,Sieci handlowe,MAIN,,,
EFEKT,EFK.WA,PLEFEKT00018,Us?ugi dla przedsi?biorstw,MAIN,,,
KPPD,KPD.WA,PLKPPD000017,Drewno i papier,MAIN,,,
KRAKCHEM,KCH.WA,PLKRKCH00019,Zaopatrzenie przedsi?biorstw,MAIN,,,
KREDYTIN,KRI.WA,PLKRINK00014,Finanse pozosta?e,MAIN,,,
KRKA,KRK.WA,SI0031102120,Ochrona zdrowia,MAIN,,,
KRUK,KRU.WA,PLKRK0000010,Finanse pozosta?e,MAIN,,,
KRVITAMIN,KVT.WA,PLKRVTM00010,Produkcja ?ywno?ci,MAIN,,,
KSGAGRO,KSG.WA,LU0611262873,Produkcja ?ywno?ci,MAIN,,,
LABOPRINT,LAB.WA,PLLBPRT00013,Us?ugi dla przedsi?biorstw,MAIN,,,
LARK,LRK.WA,PLPPWK000014,Informatyka,MAIN,,,
LARQ,LRQ.WA,PLCAMMD00032,Media,MAIN,,,
AMPLI,APL.WA,PLAMPLI00019,Zaopatrzenie przedsi?biorstw,MAIN,,,
LENA,LEN.WA,PLLENAL00015,Elektromaszynowy,MAIN,,,
LENTEX,LTX.WA,PLLENTX00010,Zaopatrzenie przedsi?biorstw,MAIN,,,
LESS,LES.WA,PLINTGR00013,Handel internetowy,MAIN,,,
LIBET,LBT.WA,PLLBT0000013,Budownictwo,MAIN,,,
LOKUM,LKD.WA,PLLKMDW00049,Nieruchomo?ci,MAIN,,,
LPP,LPP.WA,PLLPP0000011,Odzie? i kosmetyki,MAIN,,,
LSISOFT,LSI.WA,PLLSSFT00016,Informatyka,MAIN,,,
LUBAWA,LBW.WA,PLLUBAW00013,Odzie? i kosmetyki,MAIN,,,
BOGDANKA,LWB.WA,PLLWBGD00016,Górnictwo,MAIN,,,
MWTRADE,MWT.WA,PLMWTRD00013,Finanse pozosta?e,MAIN,,,
MABION,MAB.WA,PLMBION00016,Ochrona zdrowia,MAIN,,,
06MAGNA,06N.WA,PLNFI0600010,Finanse pozosta?e,MAIN,,,
MAKARONPL,MAK.WA,PLMKRNP00015,Produkcja ?ywno?ci,MAIN,,,
MANGATA,MGT.WA,PLZTKMA00017,Elektromaszynowy,MAIN,,,
MANYDEV,MAN.WA,PLADDRG00015,Gry video,MAIN,,,
MBWS,MBW.WA,FR0000060873,Produkcja ?ywno?ci,MAIN,,,
MARVIPOL,MVP.WA,PLMRVDV00011,Nieruchomo?ci,MAIN,,,
MAXCOM,MXC.WA,PLMXCMS00016,Wyposa?enie domu,MAIN,,,
MBANK,MBK.WA,PLBRE0000012,Banki,MAIN,,,
MCI,MCI.WA,PLMCIMG00012,Finanse pozosta?e,MAIN,,,
MDIENERGIA,MDI.WA,PLNFI1000012,Budownictwo,MAIN,,,
MEDICALG,MDG.WA,PLMDCLG00015,Ochrona zdrowia,MAIN,,,
MEDINICE,ICE.WA,PLMDNCE00016,Ochrona zdrowia,MAIN,,,
MEGARON,MEG.WA,PLMGRON00016,Budownictwo,MAIN,,,
MENNICA,MNC.WA,PLMNNCP00011,Hutnictwo,MAIN,,,
MERCATOR,MRC.WA,PLMRCTR00015,Ochrona zdrowia,MAIN,,,
MERCOR,MCR.WA,PLMRCOR00016,Budownictwo,MAIN,,,
MEXPOLSKA,MEX.WA,PLMEXPL00010,Rekreacja i wypoczynek,MAIN,,,
MFO,MFO.WA,PLMFO0000013,Budownictwo,MAIN,,,
MILKILAND,MLK.WA,NL0009508712,Produkcja ?ywno?ci,MAIN,,,
MIRACULUM,MIR.WA,PLKLSTN00017,Odzie? i kosmetyki,MAIN,,,
MIRBUD,MRB.WA,PLMRBUD00015,Budownictwo,MAIN,,,
MLSYSTEM,MLS.WA,PLMLSTM00015,Energia,MAIN,,,
MLPGROUP,MLG.WA,PLMLPGR00017,Nieruchomo?ci,MAIN,,,
MOBRUK,MBR.WA,PLMOBRK00013,Recykling,MAIN,,,
MOJ,MOJ.WA,PLMOJ0000015,Elektromaszynowy,MAIN,,,
MOL,MOL.WA,HU0000153937,Paliwa,MAIN,,,
MOLECURE,MOC.WA,PLONCTH00011,Biotechnologia,MAIN,,,
MONNARI,MON.WA,PLMNRTR00012,Odzie? i kosmetyki,MAIN,,,
MOSTALPLC,MSP.WA,PLMSTPL00018,Budownictwo,MAIN,,,
MOSTALWAR,MSW.WA,PLMSTWS00019,Budownictwo,MAIN,,,
MOSTALZAB,MSZ.WA,PLMSTZB00018,Budownictwo,MAIN,,,
MOVIEGAMES,MOV.WA,PLMVGMS00011,Gry video,MAIN,,,
MURAPOL,MUR.WA,PLMURPL00190,Nieruchomo?ci,MAIN,,,
MUZA,MZA.WA,PLMUZA000019,Media,MAIN,,,
NANOGROUP,NNG.WA,PLNNGRP00011,Biotechnologia,MAIN,,,
NEUCA,NEU.WA,PLTRFRM00018,Ochrona zdrowia,MAIN,,,
NTCAPITAL,NTC.WA,PLECMNG00019,Finanse pozosta?e,MAIN,,,
NEWAG,NWG.WA,PLNEWAG00012,Elektromaszynowy,MAIN,,,
NEXITY,NXG.WA,PLWDMCP00013,Us?ugi dla przedsi?biorstw,MAIN,,,
NOVATURAS,NTU.WA,LT0000131872,Rekreacja i wypoczynek,MAIN,,,
NOVAVISGR,NVG.WA,PLNFI0500012,Energia,MAIN,,,
NOVITA,NVT.WA,PLNVITA00018,Zaopatrzenie przedsi?biorstw,MAIN,,,
PRAGMAINK,PRI.WA,PLPRGNK00017,Finanse pozosta?e,MAIN,,,
NTTSYSTEM,NTT.WA,PLNTSYS00013,Informatyka,MAIN,,,
08OCTAVA,08N.WA,PLNFI0800016,Nieruchomo?ci,MAIN,,,
ODLEWNIE,ODL.WA,PLODLPL00013,Hutnictwo,MAIN,,,
OEX,OEX.WA,PLTELL000023,Pozosta?y handel i us?ugi,MAIN,,,
ONDE,OND.WA,PLONDE000018,Energia,MAIN,,,
FMG,FMG.WA,PLTHP0000011,Finanse pozosta?e,MAIN,,,
ONESANO,ONO.WA,PLSKTAN00010,Biotechnologia,MAIN,,,
OPONEO.PL,OPN.WA,PLOPNPL00013,Handel internetowy,MAIN,,,
OPTEAM,OPM.WA,PLOPTEM00012,Informatyka,MAIN,,,
ORANGEPL,OPL.WA,PLTLKPL00017,Telekomunikacja,MAIN,,,
PKNORLEN,PKN.WA,PLPKN0000018,Paliwa,MAIN,,,
ORZBIALY,OBL.WA,PLORZBL00013,Recykling,MAIN,,,
OTLOG,OTS.WA,PLODRTS00017,Transport,MAIN,,,
OVOSTAR,OVO.WA,NL0009805613,Produkcja ?ywno?ci,MAIN,,,
PANOVA,NVA.WA,PLPANVA00013,Budownictwo,MAIN,,,
PAMAPOL,PMP.WA,PLPMPOL00031,Produkcja ?ywno?ci,MAIN,,,
PASSUS,PAS.WA,PLPSSUS00018,Informatyka,MAIN,,,
PATENTUS,PAT.WA,PLPTNTS00019,Elektromaszynowy,MAIN,,,
PBG,PBG.WA,PLPBG0000029,Budownictwo,MAIN,,,
PBSFINANSE,PBF.WA,PLBEFSN00010,Finanse pozosta?e,MAIN,,,
PCGUARD,PCG.WA,PLGUARD00019,Informatyka,MAIN,,,
PCCEXOL,PCX.WA,PLPCCEX00010,Chemia,MAIN,,,
PCCROKITA,PCR.WA,PLPCCRK00076,Chemia,MAIN,,,
PCFGROUP,PCF.WA,PLPCFGR00010,Gry video,MAIN,,,
PEKABEX,PBX.WA,PLPKBEX00072,Budownictwo,MAIN,,,
PEPCO,PCO.WA,NL0015000AU7,Sieci handlowe,MAIN,,,
PEPEES,PPS.WA,PLPEPES00018,Produkcja ?ywno?ci,MAIN,,,
PGE,PGE.WA,PLPGER000010,Energia,MAIN,,,
PGFGROUP,PGV.WA,PLZSTAL00012,Finanse pozosta?e,MAIN,,,
PHARMENA,PHR.WA,PLPHRMN00011,Ochrona zdrowia,MAIN,,,
PHN,PHN.WA,PLPHN0000014,Nieruchomo?ci,MAIN,,,
PHOTON,PEN.WA,NL0010391108,Energia,MAIN,,,
HYDROTOR,HDR.WA,PLHDRTR00013,Elektromaszynowy,MAIN,,,
PJPMAKRUM,PJP.WA,PLPROJP00018,Budownictwo,MAIN,,,
PKOBP,PKO.WA,PLPKO0000016,Banki,MAIN,,,
PKPCARGO,PKP.WA,PLPKPCR00011,Transport,MAIN,,,
PLAYWAY,PLW.WA,PLPLAYW00015,Gry video,MAIN,,,
PLAZACNTR,PLZ.WA,NL0011882741,Nieruchomo?ci,MAIN,,,
PMPG,PGM.WA,PLPEKPL00010,Media,MAIN,,,
PEP,PEP.WA,PLPLSEP00013,Energia,MAIN,,,
POLICE,PCE.WA,PLZCPLC00036,Chemia,MAIN,,,
POLIMEXMS,PXM.WA,PLMSTSD00019,Budownictwo,MAIN,,,
POLTREG,PTG.WA,PLPLTRG00038,Biotechnologia,MAIN,,,
POLWAX,PWX.WA,PLPOLWX00026,Chemia,MAIN,,,
PRIMAMODA,PMA.WA,PLPRMMD00012,Odzie? i kosmetyki,MAIN,,,
PRIMETECH,PTH.WA,PLKOPEX00018,Elektromaszynowy,MAIN,,,
PROCHEM,PRM.WA,PLPRCHM00014,Budownictwo,MAIN,,,
PROTEKTOR,PRT.WA,PLLZPSK00019,Odzie? i kosmetyki,MAIN,,,
PULAWY,ZAP.WA,PLZAPUL00057,Chemia,MAIN,,,
PURE,PUR.WA,PLPRBLG00010,Biotechnologia,MAIN,,,
CORMAY,CRM.WA,PLCMRAY00029,Ochrona zdrowia,MAIN,,,
PZU,PZU.WA,PLPZU0000011,Ubezpieczenia,MAIN,,,
QUANTUM,QNT.WA,PLQNTUM00018,Informatyka,MAIN,,,
QUERCUS,QRS.WA,PLQRCUS00012,Rynek kapita?owy,MAIN,,,
RAEN,RAE.WA,PLIQPRT00017,Energia,MAIN,,,
RAFAKO,RFK.WA,PLRAFAK00018,Budownictwo,MAIN,,,
RAFAMET,RAF.WA,PLRFMET00016,Elektromaszynowy,MAIN,,,
RAINBOW,RBW.WA,PLRNBWT00031,Rekreacja i wypoczynek,MAIN,,,
RANKPROGR,RNK.WA,PLRNKPR00014,Nieruchomo?ci,MAIN,,,
RAWLPLUG,RWL.WA,PLKLNR000017,Elektromaszynowy,MAIN,,,
REDAN,RDN.WA,PLREDAN00019,Odzie? i kosmetyki,MAIN,,,
REGNON,REG.WA,PLPRNTC00017,Informatyka,MAIN,,,
REINHOLD,RHD.WA,SE0001856519,Nieruchomo?ci,MAIN,,,
REINO,RNC.WA,PLWDM0000029,Finanse pozosta?e,MAIN,,,
RELPOL,RLP.WA,PLRELPL00014,Elektromaszynowy,MAIN,,,
REMAK,RMK.WA,PLREMAK00016,Budownictwo,MAIN,,,
RESBUD,RES.WA,PLRESBD00032,Budownictwo,MAIN,,,
RYVU,RVU.WA,PLSELVT00013,Biotechnologia,MAIN,,,
SADOVAYA,SGR.WA,LU0564351582,Górnictwo,MAIN,,,
SANOK,SNK.WA,PLSTLSK00016,Motoryzacja,MAIN,,,
SANPL,SPL.WA,PLBZ00000044,Banki,MAIN,,,
SANWIL,SNW.WA,PLSANWL00012,Odzie? i kosmetyki,MAIN,,,
SATIS,STS.WA,PLADVPL00029,Informatyka,MAIN,,,
SCPFL,SCP.WA,PLSCPFL00018,Biotechnologia,MAIN,,,
SECOGROUP,SWG.WA,PLWRWCK00013,Elektromaszynowy,MAIN,,,
SEKO,SEK.WA,PLSEKO000014,Produkcja ?ywno?ci,MAIN,,,
SELENAFM,SEL.WA,PLSELNA00010,Budownictwo,MAIN,,,
SELVITA,SLV.WA,PLSLVCR00029,Biotechnologia,MAIN,,,
SERINUS,SEN.WA,JE00BNNMKT29,Paliwa,MAIN,,,
SESCOM,SES.WA,PLSESCM00013,Us?ugi dla przedsi?biorstw,MAIN,,,
SFINKS,SFS.WA,PLSFNKS00011,Rekreacja i wypoczynek,MAIN,,,
SHOPER,SHO.WA,PLSHPR000021,Informatyka,MAIN,,,
SILVAIR-REGS,SVRS.WA,USU827061099,Informatyka,MAIN,,,
SILVANO,SFG.WA,EE3100001751,Odzie? i kosmetyki,MAIN,,,
SIMFABRIC,SIM.WA,PLSMFBC00016,Gry video,MAIN,,,
SKARBIEC,SKH.WA,PLSKRBH00014,Rynek kapita?owy,MAIN,,,
SKYLINE,SKL.WA,PLSKLNW00011,Finanse pozosta?e,MAIN,,,
SOHODEV,SHD.WA,PLNFI0400015,Nieruchomo?ci,MAIN,,,
SOLAR,SOL.WA,PLSLRCP00021,Odzie? i kosmetyki,MAIN,,,
SONEL,SON.WA,PLSONEL00011,Elektromaszynowy,MAIN,,,
SOPHARMA,SPH.WA,BG11SOSOBT18,Ochrona zdrowia,MAIN,,,
SPYROSOFT,SPR.WA,PLSPRSF00011,Informatyka,MAIN,,,
STALEXP,STX.WA,PLSTLEX00019,Transport,MAIN,,,
STALPROD,STP.WA,PLSTLPD00017,Hutnictwo,MAIN,,,
STALPROFI,STF.WA,PLSTLPF00012,Zaopatrzenie przedsi?biorstw,MAIN,,,
STARHEDGE,SHG.WA,PLHRDEX00021,Finanse pozosta?e,MAIN,,,
STSHOLDING,STH.WA,PLSTSHL00012,Rekreacja i wypoczynek,MAIN,,,
SUNEX,SNX.WA,PLSUNEX00013,Elektromaszynowy,MAIN,,,
SYGNITY,SGN.WA,PLCMPLD00016,Informatyka,MAIN,,,
SYNEKTIK,SNT.WA,PLSNKTK00019,Biotechnologia,MAIN,,,
SNTVERSE,SVE.WA,PLBMDLB00018,Ochrona zdrowia,MAIN,,,
SNIEZKA,SKA.WA,PLSNZKA00033,Budownictwo,MAIN,,,
TALEX,TLX.WA,PLTALEX00017,Informatyka,MAIN,,,
TARCZYNSKI,TAR.WA,PLTRCZN00016,Produkcja ?ywno?ci,MAIN,,,
TATRY,TMR.WA,SK1120010287,Rekreacja i wypoczynek,MAIN,,,
TAURONPE,TPE.WA,PLTAURN00011,Energia,MAIN,,,
TBULL,TBL.WA,PLTBULL00024,Gry video,MAIN,,,
TSGAMES,TEN.WA,PLTSQGM00016,Gry video,MAIN,,,
TENDERHUT,THG.WA,PLTNDRH00012,Nowe technologie,MAIN,,,
TERMOREX,TRR.WA,PLTRMRX00011,Paliwa,MAIN,,,
TESGAS,TSG.WA,PLTSGS000019,Budownictwo,MAIN,,,
TEXT,TXT.WA,PLLVTSF00010,Informatyka,MAIN,,,
TIM,TIM.WA,PLTIM0000016,Zaopatrzenie przedsi?biorstw,MAIN,,,
TORPOL,TOR.WA,PLTORPL00016,Budownictwo,MAIN,,,
TOWERINVT,TOW.WA,PLTWRNV00013,Nieruchomo?ci,MAIN,,,
TOYA,TOA.WA,PLTOYA000011,Handel hurtowy,MAIN,,,
TRAKCJA,TRK.WA,PLTRKPL00014,Budownictwo,MAIN,,,
TRANSPOL,TRN.WA,PLTRNSP00013,Transport,MAIN,,,
TRITON,TRI.WA,PLASMOT00030,Nieruchomo?ci,MAIN,,,
ULMA,ULM.WA,PLBAUMA00017,Budownictwo,MAIN,,,
ULTGAMES,ULG.WA,PLULTGM00013,Gry video,MAIN,,,
UNFOLD,UNF.WA,PLVNTIN00011,Finanse pozosta?e,MAIN,,,
UNIBEP,UNI.WA,PLUNBEP00015,Budownictwo,MAIN,,,
UNICREDIT,UCG.WA,IT0005239360,Banki,MAIN,,,
UNIMOT,UNT.WA,PLUNMOT00013,Paliwa,MAIN,,,
URTESTE,URT.WA,PLURTST00010,Biotechnologia,MAIN,,,
VERCOM,VRC.WA,PLVRCM000016,Informatyka,MAIN,,,
VIGOPHOTN,VGO.WA,PLVIGOS00015,Nowe technologie,MAIN,,,
VISTAL,VTL.WA,PLVTLGD00010,Budownictwo,MAIN,,,
VIVID,VVD.WA,PLVVDGM00014,Gry video,MAIN,,,
VOTUM,VOT.WA,PLVOTUM00016,Ubezpieczenia,MAIN,,,
VOXEL,VOX.WA,PLVOXEL00014,Ochrona zdrowia,MAIN,,,
VRG,VRG.WA,PLVSTLA00011,Odzie? i kosmetyki,MAIN,,,
WARIMPEX,WXF.WA,AT0000827209,Nieruchomo?ci,MAIN,,,
WASKO,WAS.WA,PLHOGA000041,Informatyka,MAIN,,,
WAWEL,WWL.WA,PLWAWEL00013,Produkcja ?ywno?ci,MAIN,,,
WIELTON,WLT.WA,PLWELTN00012,Elektromaszynowy,MAIN,,,
WIKANA,WIK.WA,PLELPO000016,Nieruchomo?ci,MAIN,,,
IBSM,IBS.WA,PLPLPGR00010,Nieruchomo?ci,MAIN,,,
WITTCHEN,WTN.WA,PLWTCHN00030,Odzie? i kosmetyki,MAIN,,,
WOJAS,WOJ.WA,PLWOJAS00014,Odzie? i kosmetyki,MAIN,,,
WIRTUALNA,WPL.WA,PLWRTPL00027,Media,MAIN,,,
XPLUS,XPL.WA,PLXPLUS00013,Informatyka,MAIN,,,
XTB,XTB.WA,PLXTRDM00011,Rynek kapita?owy,MAIN,,,
XTPL,XTP.WA,PLXTPL000018,Nowe technologie,MAIN,,,
YARRL,YRL.WA,PLUNMST00014,Informatyka,MAIN,,,
ZAMET,ZMT.WA,PLZAMET00010,Elektromaszynowy,MAIN,,,
ZEPAK,ZEP.WA,PLZEPAK00012,Energia,MAIN,,,
ROPCZYCE,RPC.WA,PLROPCE00017,Budownictwo,MAIN,,,
OTMUCHOW,OTM.WA,PLZPCOT00018,Produkcja ?ywno?ci,MAIN,,,
ZREMB,ZRE.WA,PLZBMZC00019,Elektromaszynowy,MAIN,,,
ZUE,ZUE.WA,PLZUE0000015,Budownictwo,MAIN,,,
STAPORKOW,ZUK.WA,PLSTPRK00019,Elektromaszynowy,MAIN,,,
4MASS,4MS.WA,PL4MASS00011,Odzie? i kosmetyki,NEWCONNECT,,,
4MOBILITY,4MB.WA,PLESLTN00010,Informatyka,NEWCONNECT,,,
7FIT,7FT.WA,PLTRCPS00016,Sieci handlowe,NEWCONNECT,,,
7LEVELS,7LV.WA,PL7LVLS00017,Gry video,NEWCONNECT,,,
ABAK,ABK.WA,PLABAK000013,Us?ugi dla przedsi?biorstw,NEWCONNECT,,,
ABSINVEST,AIN.WA,PLABSIN00012,Finanse pozosta?e,NEWCONNECT,,,
ACARTUS,ACA.WA,PLACRTS00018,Us?ugi dla przedsi?biorstw,NEWCONNECT,,,
ADATEX,ADX.WA,PLPIK0000018,Sieci handlowe,NEWCONNECT,,,
GRAPHENE,GPH.WA,PLADVGP00011,Nowe technologie,NEWCONNECT,,,
ADVERTIGO,AVE.WA,PLADMSC00013,Media,NEWCONNECT,,,
AFHOL,AFH.WA,PLMNTHL00016,Finanse pozosta?e,NEWCONNECT,,,
ARI,ARI.WA,PLAGRIN00013,Us?ugi dla przedsi?biorstw,NEWCONNECT,,,
AGROLIGA,AGL.WA,CY0101452114,Produkcja ?ywno?ci,NEWCONNECT,,,
AGROMEP,AGP.WA,PLAGRMP00010,Zaopatrzenie przedsi?biorstw,NEWCONNECT,,,
AITON,AIT.WA,PLATCDL00013,Telekomunikacja,NEWCONNECT,,,
AKCEPTFIN,AFC.WA,PLAKCFN00013,Finanse pozosta?e,NEWCONNECT,,,
ANALIZY,AOL.WA,PLONLIN00013,Media,NEWCONNECT,,,
APANET,APA.WA,PLAPANT00017,Budownictwo,NEWCONNECT,,,
APIS,ASA.WA,PLHMSG000019,Budownictwo,NEWCONNECT,,,
PROMISE,PRO.WA,PLAPNPS00017,Informatyka,NEWCONNECT,,,
APOLLO,APC.WA,PLBIOMD00017,Finanse pozosta?e,NEWCONNECT,,,
AQUATECH,AQT.WA,PLAQTCH00013,Budownictwo,NEWCONNECT,,,
AQUABB,AQU.WA,PLAQUA000014,Dystrybucja ciep?a i wody,NEWCONNECT,,,
AQUAPOZ,AQA.WA,PLAQA0000014,Budownictwo,NEWCONNECT,,,
ARENAPL,ARE.WA,PLCRBON00018,Handel internetowy,NEWCONNECT,,,
ARTGAMES,ARG.WA,PLARTGS00019,Gry video,NEWCONNECT,,,
AALLIANCE,AAS.WA,PLMIDVN00017,Us?ugi dla przedsi?biorstw,NEWCONNECT,,,
ASMODEV,AMV.WA,PLASMDV00013,Gry video,NEWCONNECT,,,
ASTRO,ASR.WA,PLASTRO00013,Media,NEWCONNECT,,,
ATCCARGO,ATA.WA,PLATCRG00013,Transport,NEWCONNECT,,,
ATOMJELLY,ATJ.WA,PLATMCJ00018,Gry video,NEWCONNECT,,,
ATONHT,ATO.WA,PLATNHT00014,Recykling,NEWCONNECT,,,
APS,APS.WA,PLPOMST00012,Budownictwo,NEWCONNECT,,,
AUXILIA,AUX.WA,PLAXILA00018,Ubezpieczenia,NEWCONNECT,,,
AZTEC,AZC.WA,PLAZTEC00011,Budownictwo,NEWCONNECT,,,
BKDGAMES,BKD.WA,PLBKDGM00019,Gry video,NEWCONNECT,,,
BALTICON,BLT.WA,PLBLT0000013,Transport,NEWCONNECT,,,
BEEIN,BEE.WA,PLA346500012,Energia,NEWCONNECT,,,
BELEAF,BLF.WA,PLBLTXG00010,Us?ugi dla przedsi?biorstw,NEWCONNECT,,,
BERGHOLDI,BRH.WA,PLSLKAM00019,Nieruchomo?ci,NEWCONNECT,,,
BINARY,BHX.WA,PLBNRHL00013,Nowe technologie,NEWCONNECT,,,
BIOFACTOR,BFC.WA,PLBFCTR00013,Drewno i papier,NEWCONNECT,,,
BIOGENED,BGD.WA,PLBIOGN00018,Ochrona zdrowia,NEWCONNECT,,,
BIOMASS,BEP.WA,PLBMSEP00011,Energia,NEWCONNECT,,,
BIZTECH,BTK.WA,PLBZTKN00013,Informatyka,NEWCONNECT,,,
BPC,BPC.WA,PLBLKPC00014,Finanse pozosta?e,NEWCONNECT,,,
BLACKPOIN,BPN.WA,PLBLKPT00018,Informatyka,NEWCONNECT,,,
BLACKROSE,BRP.WA,PLBLRSP00015,Gry video,NEWCONNECT,,,
BRAS,BSA.WA,PLINVNT00011,Nieruchomo?ci,NEWCONNECT,,,
BIOERG,BER.WA,PLBIORG00019,Recykling,NEWCONNECT,,,
BSH,BSH.WA,PLBRSLH00012,Media,NEWCONNECT,,,
CZARNKOW,BRO.WA,PLBRWRG00013,Produkcja ?ywno?ci,NEWCONNECT,,,
BTCSTUDIO,BTC.WA,PLDMNMN00016,Gry video,NEWCONNECT,,,
CANNABIS,CBD.WA,PLBLOCM00013,Handel internetowy,NEWCONNECT,,,
EMONT,ELM.WA,PLEKTRM00016,Budownictwo,NEWCONNECT,,,
CARBONSTU,CRB.WA,PLCRBST00016,Gry video,NEWCONNECT,,,
CARLSON,CAI.WA,PLHOTB000011,Finanse pozosta?e,NEWCONNECT,,,
CARPATHIA,CRC.WA,PLCRPCP00034,Finanse pozosta?e,NEWCONNECT,,,
CCS,CCS.WA,PLCCS0000012,Handel hurtowy,NEWCONNECT,,,
CDA,CDA.WA,PLCDA0000018,Media,NEWCONNECT,,,
CFSA,CFS.WA,PLCFBPS00019,Finanse pozosta?e,NEWCONNECT,,,
CENTURION,CTF.WA,PLSTRGM00014,Finanse pozosta?e,NEWCONNECT,,,
CEREALPLT,CRP.WA,CY0103021610,Produkcja ?ywno?ci,NEWCONNECT,,,
CHERRY,CHP.WA,PLCHRPK00018,Gry video,NEWCONNECT,,,
CMI,CMI.WA,PLCMINT00013,Ochrona zdrowia,NEWCONNECT,,,
COMECO,CMC.WA,PLCOMEC00016,Zaopatrzenie przedsi?biorstw,NEWCONNECT,,,
CONSOLE,CLA.WA,PLCNSLB00012,Gry video,NEWCONNECT,,,
CONSOLEW,CWA.WA,PLCNSLW00018,Gry video,NEWCONNECT,,,
CONSTANCE,CCR.WA,PLCNSTC00013,Ochrona zdrowia,NEWCONNECT,,,
COPERNIC,CRS.WA,PLCPRSC00012,Rynek kapita?owy,NEWCONNECT,,,
COSMA,COS.WA,PLVBN0000015,Produkcja ?ywno?ci,NEWCONNECT,,,
CFG,CFG.WA,PLCRFRG00016,Gry video,NEWCONNECT,,,
DANKS,DNS.WA,PLDANKS00014,Us?ugi dla przedsi?biorstw,NEWCONNECT,,,
DEKTRA,DKR.WA,PLDKTRA00013,Zaopatrzenie przedsi?biorstw,NEWCONNECT,,,
DEMGAMES,DGS.WA,PLDMLGM00014,Gry video,NEWCONNECT,,,
DETGAMES,DEG.WA,PLDTLGM00019,Gry video,NEWCONNECT,,,
DEVORAN,DEV.WA,PLVGUAR00011,Finanse pozosta?e,NEWCONNECT,,,
DGNET,DGN.WA,PLDGNET00012,Telekomunikacja,NEWCONNECT,,,
NFPL,NFP.WA,PLNWCFR00012,Media,NEWCONNECT,,,
DITIX,DTX.WA,PLFTPRF00016,Finanse pozosta?e,NEWCONNECT,,,
DRFINANCE,DRF.WA,PLDRD2400010,Finanse pozosta?e,NEWCONNECT,,,
DRAGEUS,DRG.WA,PLDRGGM00013,Gry video,NEWCONNECT,,,
DDISTANCE,DDI.WA,PLIFN4L00018,Gry video,NEWCONNECT,,,
DUALITY,DUA.WA,PLDLITY00010,Gry video,NEWCONNECT,,,
EASYCALL,ECL.WA,PLESCLL00010,Telekomunikacja,NEWCONNECT,,,
ECCGAMES,ECC.WA,PLECCGM00012,Gry video,NEWCONNECT,,,
ECO5TECH,ECT.WA,PLEC5TH00024,Budownictwo,NEWCONNECT,,,
EDITELPL,EDL.WA,PLEDSON00018,Informatyka,NEWCONNECT,,,
EKIOSK,EKS.WA,PLEKOSK00019,Handel internetowy,NEWCONNECT,,,
EKIPA,EEE.WA,PLBBCLS00017,Media,NEWCONNECT,,,
EKOBOX,EBX.WA,PLEKOBX00018,Budownictwo,NEWCONNECT,,,
EKOOZE,EKE.WA,PLDNTMD00012,Ochrona zdrowia,NEWCONNECT,,,
EKOPARK,EPR.WA,PLPRIPK00018,Budownictwo,NEWCONNECT,,,
EKOPOL,EGH.WA,PLEKPLG00019,Paliwa,NEWCONNECT,,,
ELQ,ELQ.WA,PLIPOSA00010,Energia,NEWCONNECT,,,
EMPLOCITY,EMP.WA,PLEMPCT00017,Informatyka,NEWCONNECT,,,
 , .WA,PLEMZKA00019,Media,NEWCONNECT,,,
ENEIDA,END.WA,PLHDRGM00011,Gry video,NEWCONNECT,,,
EONET,EON.WA,PLEONTW00016,Informatyka,NEWCONNECT,,,
ERATONRG,ERA.WA,PLPBLIA00012,Energia,NEWCONNECT,,,
ESHOPPING,ESG.WA,PLCCHT000014,Handel internetowy,NEWCONNECT,,,
ESKIMOS,ESK.WA,PLESKMS00016,Produkcja ?ywno?ci,NEWCONNECT,,,
VISION,VIV.WA,PLVRTLV00019,Media,NEWCONNECT,,,
EFENERGII,EFE.WA,PLINTRW00028,Finanse pozosta?e,NEWCONNECT,,,
EUROSNACK,ECK.WA,PLERSNK00016,Produkcja ?ywno?ci,NEWCONNECT,,,
EUROTAX,ETX.WA,PLEURTX00012,Finanse pozosta?e,NEWCONNECT,,,
EXAMOBILE,EXA.WA,PLEXMBL00010,Informatyka,NEWCONNECT,,,
EXCELLENC,EXC.WA,PLEXCLN00016,Produkcja ?ywno?ci,NEWCONNECT,,,
EXIMIT,EXM.WA,PLEXIM000013,Informatyka,NEWCONNECT,,,
FABRYKAKD,FKD.WA,PLFKDRW00016,Budownictwo,NEWCONNECT,,,
FALCON,FLG.WA,PLEENRG00014,Gry video,NEWCONNECT,,,
FEMTECH,FEM.WA,PLSMSKH00019,Informatyka,NEWCONNECT,,,
FIGENE,FIG.WA,PLGPPIK00011,Energia,NEWCONNECT,,,
FINTECH,FTH.WA,PLJRSDB00015,Informatyka,NEWCONNECT,,,
FOOTHILLS,FTL.WA,PLTLCMD00018,Media,NEWCONNECT,,,
BETOMAX,BTX.WA,PLBETMX00013,Budownictwo,NEWCONNECT,,,
FOREVEREN,FOR.WA,PLFRENT00014,Gry video,NEWCONNECT,,,
FORPOSTA,FPO.WA,PLFRPST00019,Transport,NEWCONNECT,,,
FOTOVOLT,FVE.WA,PLINVFM00012,Energia,NEWCONNECT,,,
FREEMIND,FRM.WA,PLFRMND00011,Gry video,NEWCONNECT,,,
FROZENWAY,FRW.WA,PLFRZNW00013,Gry video,NEWCONNECT,,,
FHDOM,FHD.WA,PLFHDOM00010,Finanse pozosta?e,NEWCONNECT,,,
GALVO,GAL.WA,PLGALVO00017,Us?ugi dla przedsi?biorstw,NEWCONNECT,,,
GAMEDUST,GDC.WA,PLINSTC00010,Gry video,NEWCONNECT,,,
GAMESBOX,GMB.WA,PLGMSBX00010,Gry video,NEWCONNECT,,,
GAMIVO,GMV.WA,PLGMV0000016,Gry video,NEWCONNECT,,,
GARIN,GAR.WA,PLABNET00019,Motoryzacja,NEWCONNECT,,,
GENRG,GNG.WA,PLELKPE00014,Energia,NEWCONNECT,,,
GENOMED,GEN.WA,PLGNOMD00024,Biotechnologia,NEWCONNECT,,,
GENXONE,GX1.WA,PLGENXN00013,Biotechnologia,NEWCONNECT,,,
GEOTERM,GTP.WA,PLGTRMP00010,Budownictwo,NEWCONNECT,,,
GEOTRANS,GTS.WA,PLGEOTR00010,Recykling,NEWCONNECT,,,
GKSKAT,GKS.WA,PLGKS0000016,Rekreacja i wypoczynek,NEWCONNECT,,,
GHYDROGEN,GHY.WA,PLTLVPL00014,Produkcja ?ywno?ci,NEWCONNECT,,,
GOTFI,GTF.WA,PLGOTFI00016,Rynek kapita?owy,NEWCONNECT,,,
GOLAB,GOL.WA,PLGOLAB00019,Zaopatrzenie przedsi?biorstw,NEWCONNECT,,,
GRMEDIA,GME.WA,PLGRMID00019,Media,NEWCONNECT,,,
GREMPCO,GRM.WA,PLGRMPC00016,Finanse pozosta?e,NEWCONNECT,,,
GRUPAHRC,HRC.WA,PLGRHRC00012,Us?ugi dla przedsi?biorstw,NEWCONNECT,,,
KLEPSYDRA,KLE.WA,PLMRTIN00011,Finanse pozosta?e,NEWCONNECT,,,
GRUPAMZ,GMZ.WA,PLINFSC00019,Handel internetowy,NEWCONNECT,,,
GRUPAREC,GRC.WA,PLRCKL000010,Recykling,NEWCONNECT,,,
GTRINITY,GTY.WA,PLGTRNT00010,Finanse pozosta?e,NEWCONNECT,,,
HEMP,HMP.WA,PLEBCSL00011,Ochrona zdrowia,NEWCONNECT,,,
HIPROMINE,HPM.WA,PLHPRMN00037,Produkcja ?ywno?ci,NEWCONNECT,,,
HONEYPAY,HPG.WA,PLMAXMS00010,Zaopatrzenie przedsi?biorstw,NEWCONNECT,,,
HORNIGOLD,HRL.WA,PLMBLPR00018,Nieruchomo?ci,NEWCONNECT,,,
HORTICO,HOR.WA,PLHRTIC00014,Produkcja ?ywno?ci,NEWCONNECT,,,
HUBTECH,HUB.WA,PLBRTZM00010,Chemia,NEWCONNECT,,,
HURTIMEX,HRT.WA,PLHRTIM00013,Odzie? i kosmetyki,NEWCONNECT,,,
HYDRAPRES,HPS.WA,PLHDRAP00017,Elektromaszynowy,NEWCONNECT,,,
IBCPOLSKA,IBC.WA,PLIBCPL00018,Zaopatrzenie przedsi?biorstw,NEWCONNECT,,,
ICECODE,ICG.WA,PLDGTAV00013,Gry video,NEWCONNECT,,,
ICPD,ICD.WA,BG1100018057,Nieruchomo?ci,NEWCONNECT,,,
IDH,IDH.WA,PLICI0000010,Budownictwo,NEWCONNECT,,,
IGORIA,IGT.WA,PLIGRTR00014,Finanse pozosta?e,NEWCONNECT,,,
IMAGEPWR,IPW.WA,PLIMGPW00013,Gry video,NEWCONNECT,,,
IMMGAMES,IMG.WA,PLIMRGM00010,Gry video,NEWCONNECT,,,
INCANA,ICA.WA,PLINCNA00011,Budownictwo,NEWCONNECT,,,
INCUVO,IVO.WA,PLA295700027,Gry video,NEWCONNECT,,,
INDOS,INS.WA,PLINDOS00035,Finanse pozosta?e,NEWCONNECT,,,
INFRA,IFA.WA,PLINFRA00015,Informatyka,NEWCONNECT,,,
KANCELWEC,KPI.WA,PLKPWEC00015,Finanse pozosta?e,NEWCONNECT,,,
INNOGENE,IGN.WA,PLINNGN00015,Finanse pozosta?e,NEWCONNECT,,,
INTM,IMR.WA,PLTLPKA00010,Gry video,NEWCONNECT,,,
IU,IUS.WA,PLINTUN00013,Telekomunikacja,NEWCONNECT,,,
INTERNITY,INT.WA,PLINTNT00015,Budownictwo,NEWCONNECT,,,
INVENTION,INM.WA,PLCDE0000010,Ochrona zdrowia,NEWCONNECT,,,
INVESTEKO,IVE.WA,PLIVSTK00016,Recykling,NEWCONNECT,,,
IRONWOLF,IWS.WA,PLA319800019,Gry video,NEWCONNECT,,,
JRHOLDING,JRH.WA,PLJRINV00013,Finanse pozosta?e,NEWCONNECT,,,
JRCGROUP,JRC.WA,PLPYLON00015,Wyposa?enie domu,NEWCONNECT,,,
JUJUBEE,JJB.WA,PLJJBEE00028,Gry video,NEWCONNECT,,,
KME,KME.WA,PLMDIUS00018,Finanse pozosta?e,NEWCONNECT,,,
KBJ,KBJ.WA,PLKBJ0000016,Informatyka,NEWCONNECT,,,
KLABATER,KBT.WA,PLKLBTR00014,Gry video,NEWCONNECT,,,
KLON,KLN.WA,PLKLON000010,Drewno i papier,NEWCONNECT,,,
KOOL2PLAY,K2P.WA,PLKL2PL00014,Gry video,NEWCONNECT,,,
KORBANK,KOR.WA,PLKRBNK00019,Telekomunikacja,NEWCONNECT,,,
KUBOTA,KUB.WA,PLKBT0000015,Odzie? i kosmetyki,NEWCONNECT,,,
KUPIEC,KPC.WA,PLKUPIC00010,Transport,NEWCONNECT,,,
LABOCANNA,LCN.WA,PLCCTLS00017,Nieruchomo?ci,NEWCONNECT,,,
LAURENPES,LPS.WA,PLLRPSP00015,Pozosta?y handel i us?ugi,NEWCONNECT,,,
LEGIMI,LEG.WA,PLLGIMI00029,Informatyka,NEWCONNECT,,,
LETUS,LET.WA,PLGDVIS00018,Us?ugi dla przedsi?biorstw,NEWCONNECT,,,
LEXBONO,LXB.WA,PLBVTSA00012,Finanse pozosta?e,NEWCONNECT,,,
LMGAMES,LMG.WA,PLLVMGM00016,Gry video,NEWCONNECT,,,
LGTRADE,LGT.WA,PLLGNTD00017,Informatyka,NEWCONNECT,,,
LOKATYBUD,LBD.WA,PLFBRD000018,Nieruchomo?ci,NEWCONNECT,,,
LTGAMES,LTM.WA,PLLNTRG00017,Gry video,NEWCONNECT,,,
LUDUS,LUD.WA,PLARTBM00013,Finanse pozosta?e,NEWCONNECT,,,
LUG,LUG.WA,PLLUG0000010,Budownictwo,NEWCONNECT,,,
LUKARDI,LUK.WA,PLSAP0000018,Informatyka,NEWCONNECT,,,
WAT,WAT.WA,PLACKRM00010,Budownictwo,NEWCONNECT,,,
MFOOD,MFD.WA,PLMDVLP00016,Handel hurtowy,NEWCONNECT,,,
M4B,M4B.WA,PLM4B0000017,Informatyka,NEWCONNECT,,,
MADKOM,MAD.WA,PLMADKM00019,Informatyka,NEWCONNECT,,,
MADMIND,MMS.WA,PLA346100011,Gry video,NEWCONNECT,,,
MAKOLAB,MLB.WA,PLMKLAB00023,Informatyka,NEWCONNECT,,,
MARKA,MRK.WA,PLMARKA00014,Finanse pozosta?e,NEWCONNECT,,,
MSM,MSM.WA,PLMSMDC00018,Ochrona zdrowia,NEWCONNECT,,,
MAXIPIZZA,MXP.WA,PLMXPZZ00015,Rekreacja i wypoczynek,NEWCONNECT,,,
MBFGROUP,MBF.WA,PLMBFCR00018,Us?ugi dla przedsi?biorstw,NEWCONNECT,,,
MEDAPP,MDA.WA,PLYLWHT00012,Media,NEWCONNECT,,,
MEDARD,MRD.WA,PLVENIT00010,Pozosta?y handel i us?ugi,NEWCONNECT,,,
MEDCAMP,MDP.WA,PLTCHPR00019,Finanse pozosta?e,NEWCONNECT,,,
MEDICOBIO,MDB.WA,PLINBOK00010,Biotechnologia,NEWCONNECT,,,
MEGAPIXEL,MPS.WA,PLMGPLS00015,Gry video,NEWCONNECT,,,
MENNICASK,MNS.WA,PLGRMNK00014,Handel internetowy,NEWCONNECT,,,
MERA,MER.WA,PLMERA000019,Budownictwo,NEWCONNECT,,,
MERLINGRP,MRG.WA,PLADMSV00013,Handel internetowy,NEWCONNECT,,,
MILESTONE,MMD.WA,USU6005B1045,Ochrona zdrowia,NEWCONNECT,,,
MILISYS,MLM.WA,PL2INTC00018,Inne dobra konsumpcyjne,NEWCONNECT,,,
MILKPOL,MLP.WA,PLMLKPL00012,Produkcja ?ywno?ci,NEWCONNECT,,,
MILTON,MTN.WA,PLMLTNE00013,Ochrona zdrowia,NEWCONNECT,,,
MINERAL,MND.WA,PLMNRLM00010,Informatyka,NEWCONNECT,,,
MTENERGIA,MTE.WA,PLCWA0000018,Energia,NEWCONNECT,,,
MMCPL,MMC.WA,PLMMCNF00014,Media,NEWCONNECT,,,
MOLIERA2,MO2.WA,PLAIRMK00017,Handel internetowy,NEWCONNECT,,,
MOONLIT,MLT.WA,PLMNLIT00014,Gry video,NEWCONNECT,,,
MOVGAMVR,MVR.WA,PLIPODS00014,Us?ugi dla przedsi?biorstw,NEWCONNECT,,,
MPAY,MPY.WA,PLMPAY000017,Finanse pozosta?e,NEWCONNECT,,,
MPLVERBUM,VER.WA,PLMPLVR00016,Rekreacja i wypoczynek,NEWCONNECT,,,
HAMBURGER,MRH.WA,PLLSNRN00015,Rekreacja i wypoczynek,NEWCONNECT,,,
GREENENER,GRE.WA,PLDBBGR00017,Energia,NEWCONNECT,,,
MYCODERN,MCD.WA,PLMDNPL00013,Produkcja ?ywno?ci,NEWCONNECT,,,
NEPTIS,YAN.WA,PLNEPTS00011,Informatyka,NEWCONNECT,,,
NESTMEDIC,NST.WA,PLNSTMD00010,Ochrona zdrowia,NEWCONNECT,,,
 , .WA,PLNETWS00017,Informatyka,NEWCONNECT,,,
NEURONE,NRS.WA,PLHCKLG00010,Gry video,NEWCONNECT,,,
NTVSA,NTV.WA,PLSTCKI00016,Media,NEWCONNECT,,,
NEXTBIKE,NXB.WA,PLNXTBK00018,Rekreacja i wypoczynek,NEWCONNECT,,,
NGGAMES,NGG.WA,PLSITE000013,Gry video,NEWCONNECT,,,
NOCTILUCA,NCL.WA,PLNCTLC00018,Nowe technologie,NEWCONNECT,,,
NOOBZ,NOB.WA,PLPLNTR00018,Gry video,NEWCONNECT,,,
NOTORIA,NTS.WA,PLNTRSW00019,Media,NEWCONNECT,,,
NOVINA,NOV.WA,PLBABY000016,Finanse pozosta?e,NEWCONNECT,,,
NWAI,NWA.WA,PLNWAI000017,Rynek kapita?owy,NEWCONNECT,,,
OLYMP,OLY.WA,PLOLMP000016,Rekreacja i wypoczynek,NEWCONNECT,,,
ONEMORE,OML.WA,PLLSRMD00018,Gry video,NEWCONNECT,,,
1SOLUTION,ONE.WA,PLONESL00011,Finanse pozosta?e,NEWCONNECT,,,
ONE2TRIBE,O2T.WA,PLJWASA00013,Informatyka,NEWCONNECT,,,
ONICO,ONC.WA,PLONCTR00028,Paliwa,NEWCONNECT,,,
OPTIGIS,OPI.WA,PLIMAGS00013,Informatyka,NEWCONNECT,,,
ORGANIC,ORG.WA,PLORGNK00010,Sieci handlowe,NEWCONNECT,,,
ORZLOPONY,ORL.WA,PLORZL000019,Recykling,NEWCONNECT,,,
OUTDOORZY,OUT.WA,PLOUTDR00013,Handel internetowy,NEWCONNECT,,,
OVIDWORKS,OVI.WA,PLOVIDW00014,Gry video,NEWCONNECT,,,
OXYGEN,OXY.WA,PLSMOKS00015,Gry video,NEWCONNECT,,,
OZECAPITAL,OZE.WA,PLCSYSA00016,Energia,NEWCONNECT,,,
PARCELTEC,PTE.WA,PLBMRNG00013,Transport,NEWCONNECT,,,
PARTNER,PRN.WA,PLPRNRH00010,Nieruchomo?ci,NEWCONNECT,,,
PLGROUP,PLG.WA,PLRAJDY00015,Motoryzacja,NEWCONNECT,,,
PLANETB2B,P2B.WA,PLPRKLS00016,Informatyka,NEWCONNECT,,,
PLANTWEAR,PNW.WA,PLPLNTW00018,Odzie? i kosmetyki,NEWCONNECT,,,
PLASMA,PSM.WA,PLPLSMS00010,Us?ugi dla przedsi?biorstw,NEWCONNECT,,,
PLATIGE,PLI.WA,PLPTGMG00013,Media,NEWCONNECT,,,
P2CHILL,P2C.WA,PLPLCHL00019,Gry video,NEWCONNECT,,,
PLOTTWIST,PLT.WA,PLA342500016,Gry video,NEWCONNECT,,,
POINTPACK,PNT.WA,PLPNTPK00014,Transport,NEWCONNECT,,,
POLARISIT,PIT.WA,PLANMD000014,Informatyka,NEWCONNECT,,,
SFKPOLKAP,SFK.WA,PLSFKPL00011,Odzie? i kosmetyki,NEWCONNECT,,,
POLMAN,PLM.WA,PLPOLMN00010,Us?ugi dla przedsi?biorstw,NEWCONNECT,,,
PGMSA,PMG.WA,PLVNTCP00019,Inne dobra konsumpcyjne,NEWCONNECT,,,
POLTRONIC,PTN.WA,PLPLTRN00018,Zaopatrzenie przedsi?biorstw,NEWCONNECT,,,
POLYSLASH,PSH.WA,PLPOLSL00011,Gry video,NEWCONNECT,,,
PREFAGRP,PFG.WA,PL71MDA00018,Budownictwo,NEWCONNECT,,,
PREFABET,PBB.WA,PLPRFBT00015,Budownictwo,NEWCONNECT,,,
PRESENT24,P24.WA,PLPRS2400012,Handel internetowy,NEWCONNECT,,,
PRIME,PRA.WA,PLRKLMF00010,Finanse pozosta?e,NEWCONNECT,,,
PBGAMES,PBT.WA,PLPRMBG00018,Gry video,NEWCONNECT,,,
PFMEDICAL,PFM.WA,PLGURDR00013,Biotechnologia,NEWCONNECT,,,
PROACTA,PAC.WA,PLBTEVL00019,Informatyka,NEWCONNECT,,,
PRYMUS,PRS.WA,PLPRMUS00013,Zaopatrzenie przedsi?biorstw,NEWCONNECT,,,
PTWP,PTW.WA,PLPTWP000015,Media,NEWCONNECT,,,
PUNCHPUNK,PPG.WA,PLPNCHP00016,Gry video,NEWCONNECT,,,
PYRAMID,PDG.WA,PLPRMGM00015,Gry video,NEWCONNECT,,,
QNATECHNO,QNA.WA,PLQNTHL00017,Nowe technologie,NEWCONNECT,,,
QUART,QRT.WA,PLQRTDV00016,Nieruchomo?ci,NEWCONNECT,,,
QUARTICON,QON.WA,PLQRTCN00015,Informatyka,NEWCONNECT,,,
QUBICGMS,QUB.WA,PLQBCGM00018,Gry video,NEWCONNECT,,,
READGENE,RDG.WA,PLRADGN00014,Biotechnologia,NEWCONNECT,,,
REDCARPET,RCM.WA,PLRCMGR00012,Media,NEWCONNECT,,,
REDDEV,RDS.WA,PLRDDVS00016,Gry video,NEWCONNECT,,,
RSGAMES,RSG.WA,PLRDSGM00018,Gry video,NEWCONNECT,,,
REMEDIS,REM.WA,PLREMDS00021,Finanse pozosta?e,NEWCONNECT,,,
REMORSOL,RSP.WA,PLAGRTR00011,Rekreacja i wypoczynek,NEWCONNECT,,,
RENDER,RND.WA,PLRNDCB00011,Gry video,NEWCONNECT,,,
ROAD,RST.WA,PLA348700016,Gry video,NEWCONNECT,,,
ROBINSON,RBS.WA,PLRBSNE00015,Inne dobra konsumpcyjne,NEWCONNECT,,,
ROBSGROUP,RGL.WA,PLRBGRL00016,Zaopatrzenie przedsi?biorstw,NEWCONNECT,,,
ROCCA,RCA.WA,PLROCCA00013,Budownictwo,NEWCONNECT,,,
ROOFRENOV,RRH.WA,PLCMPRS00011,Budownictwo,NEWCONNECT,,,
 , .WA,PLRVITA00019,Handel hurtowy,NEWCONNECT,,,
RUCHCHORZ,RCW.WA,PLRCHZW00012,Rekreacja i wypoczynek,NEWCONNECT,,,
S4E,S4E.WA,PLS4E0000015,Informatyka,NEWCONNECT,,,
SAKANA,SKN.WA,PLSAKAN00010,Rekreacja i wypoczynek,NEWCONNECT,,,
SAULETECH,SLT.WA,PLBLMPI00017,Energia,NEWCONNECT,,,
SCANWAY,SCW.WA,PLSCWAY00018,Nowe technologie,NEWCONNECT,,,
SDSOPTIC,SDS.WA,PLSDSOP00013,Ochrona zdrowia,NEWCONNECT,,,
PIXELCROW,PIX.WA,PLWKPRK00010,Gry video,NEWCONNECT,,,
SEDIVIO,SED.WA,PLEC20000010,Informatyka,NEWCONNECT,,,
SEVENET,SEV.WA,PLSVNET00019,Informatyka,NEWCONNECT,,,
SFD,SFD.WA,PLSFD0000013,Handel internetowy,NEWCONNECT,,,
SHEEPYARD,SHY.WA,PLDRKND00010,Gry video,NEWCONNECT,,,
SIMTERACT,SMT.WA,PLSMTRC00013,Gry video,NEWCONNECT,,,
SWALLET,SWT.WA,PLSKNWL00011,Gry video,NEWCONNECT,,,
SOFTBLUE,SBE.WA,PLSFTBL00012,Nowe technologie,NEWCONNECT,,,
SWMANSION,SWM.WA,PLSFTMN00015,Informatyka,NEWCONNECT,,,
SOLARINOV,SIN.WA,PLTABLO00012,Energia,NEWCONNECT,,,
SONKA,SOK.WA,PLSNK0000012,Gry video,NEWCONNECT,,,
SPACEFOX,FOX.WA,PLSPFXG00014,Gry video,NEWCONNECT,,,
STANDREW,STD.WA,PLSTNDR00019,Drewno i papier,NEWCONNECT,,,
STARWARD,STA.WA,PLSTRWI00019,Gry video,NEWCONNECT,,,
STEMCELLS,SCS.WA,PLSTCLS00013,Biotechnologia,NEWCONNECT,,,
STILO,STI.WA,PLSTLNR00012,Energia,NEWCONNECT,,,
SUNDRAGON,SDG.WA,PLRSYSA00014,Energia,NEWCONNECT,,,
SUNTECH,SUN.WA,PLSNTCH00012,Informatyka,NEWCONNECT,,,
SUNNET,SNN.WA,PLPRSGD00011,Informatyka,NEWCONNECT,,,
SYGNIS,SYG.WA,PLMODE000019,Nowe technologie,NEWCONNECT,,,
SYNERGA,SNG.WA,PLMWTNS00010,Finanse pozosta?e,NEWCONNECT,,,
SZAR,SZR.WA,PLSZAR000018,Zaopatrzenie przedsi?biorstw,NEWCONNECT,,,
TNTPROENR,TNT.WA,PLVCAOC00015,Energia,NEWCONNECT,,,
TAMEX,TOS.WA,PLTAMEX00015,Budownictwo,NEWCONNECT,,,
TAXNET,TXN.WA,PLTAXNT00011,Us?ugi dla przedsi?biorstw,NEWCONNECT,,,
TELEMEDPL,TMP.WA,PLTLMDC00018,Ochrona zdrowia,NEWCONNECT,,,
TELESTO,TLO.WA,PLTELST00017,Recykling,NEWCONNECT,,,
TELESTR,TLS.WA,PLTLSTD00019,Telekomunikacja,NEWCONNECT,,,
TELGAM,TLG.WA,PLPTLTG00018,Telekomunikacja,NEWCONNECT,,,
TERMO2PWR,T2P.WA,PLTRMPR00017,Energia,NEWCONNECT,,,
TERMOEXP,TME.WA,PLTRMEX00019,Budownictwo,NEWCONNECT,,,
THEDUST,THD.WA,PLTHDST00017,Gry video,NEWCONNECT,,,
FARM51,F51.WA,PLFRMGR00015,Gry video,NEWCONNECT,,,
TREX,TRX.WA,PLAUXLM00026,Finanse pozosta?e,NEWCONNECT,,,
TRIGGO,TGG.WA,PLTRGG000014,Motoryzacja,NEWCONNECT,,,
TRUEGS,TGS.WA,PLKKHRB00011,Gry video,NEWCONNECT,,,
UFGAMES,UFG.WA,PLUFGMS00017,Gry video,NEWCONNECT,,,
UNIFIED,UFC.WA,PLDTBRK00037,Informatyka,NEWCONNECT,,,
UNILABGAM,UNL.WA,PLUNTDL00018,Gry video,NEWCONNECT,,,
UNIVERSE,UNV.WA,PLALDA000010,Wyposa?enie domu,NEWCONNECT,,,
VAKOMTEK,VKT.WA,PLVKMTK00015,Handel hurtowy,NEWCONNECT,,,
VARSAV,VAR.WA,PLYORIM00019,Gry video,NEWCONNECT,,,
VEE,VEE.WA,PLVCTCM00019,Telekomunikacja,NEWCONNECT,,,
AERFINANC,AER.WA,GB00B42V2T10,Finanse pozosta?e,NEWCONNECT,,,
VERBICOM,VRB.WA,PLVRBCM00015,Informatyka,NEWCONNECT,,,
VIATRON,VIA.WA,PLVTRON00010,Budownictwo,NEWCONNECT,,,
VIDIS,VDS.WA,PLVIDIS00014,Zaopatrzenie przedsi?biorstw,NEWCONNECT,,,
VOOLT,VLT.WA,PLNVVIS00016,Energia,NEWCONNECT,,,
VRFACTORY,VRF.WA,PLSFLND00011,Gry video,NEWCONNECT,,,
VRFABRIC,VFA.WA,PLVRFBR00017,Gry video,NEWCONNECT,,,
WERTHHOLZ,WHH.WA,PLWRTHL00016,Wyposa?enie domu,NEWCONNECT,,,
WESTREAL,WRE.WA,PLWREST00018,Nieruchomo?ci,NEWCONNECT,,,
WIERZYCL,WRL.WA,PLWRZCL00014,Finanse pozosta?e,NEWCONNECT,,,
WODKAN,WOD.WA,PLWDKAN00016,Dystrybucja ciep?a i wody,NEWCONNECT,,,
WOODPCKR,WPR.WA,PLWDPCK00017,Informatyka,NEWCONNECT,,,
XBSPROLOG,XBS.WA,PLPROLG00013,Transport,NEWCONNECT,,,
YELLOWBOS,YBS.WA,PLINSAG00011,Energia,NEWCONNECT,,,
YETIFORCE,YTF.WA,PLYTFRC00015,Informatyka,NEWCONNECT,,,
YOSHI,YOS.WA,PLACREO00019,Us?ugi dla przedsi?biorstw,NEWCONNECT,,,
ZENERIS,ZEN.WA,PLA351100013,Energia,NEWCONNECT,,,
ZORTRAX,ZRX.WA,PLCRLNS00018,Ochrona zdrowia,NEWCONNECT,,,
